<?xml version="1.0" encoding="utf-8" standalone="no" ?>
<!-- 
	Usage:

	To localize the description, use the following format for the description element.
	<description>
	<text xml:lang="en">English App description goes here</text>
	<text xml:lang="fr">French App description goes here</text>
	<text xml:lang="ja">Japanese App description goes here</text>
	</description>

	To localize the name, use the following format for the name element.
	<name>
	<text xml:lang="en">English App name goes here</text>
	<text xml:lang="fr">French App name goes here</text>
	<text xml:lang="ja">Japanese App name goes here</text>
	</name>
-->
<application xmlns="http://ns.adobe.com/air/application/33.1">
  <id>AMFBot-v1.0.4</id>
  <versionNumber>1.0.4</versionNumber>
  <filename>AMFBot v1.0.4</filename>
  <description/>
  <name>AMFBot v1.0.4</name>
  <copyright>2023</copyright>
  <initialWindow>
    <content>AMFBot%20v1.0.4.swf</content>
    <systemChrome>standard</systemChrome>
    <transparent>false</transparent>
    <visible>true</visible>
    <fullScreen>false</fullScreen>
    <aspectRatio>portrait</aspectRatio>
    <renderMode>auto</renderMode>
    <maximizable>true</maximizable>
    <minimizable>true</minimizable>
    <resizable>false</resizable>
  </initialWindow>
  <icon>
    <image128x128>icons/128.png</image128x128>
    <image48x48>icons/48.png</image48x48>
    <image32x32>icons/32.png</image32x32>
    <image16x16>icons/16.png</image16x16>
  </icon>
  <customUpdateUI>false</customUpdateUI>
  <allowBrowserInvocation>false</allowBrowserInvocation>
</application>
